solar_output_kW,irradiance_W_m2,temperature_C,cloud_indicator,time_of_day,generation_condition
320.0,603.14,36.61,0.367,Afternoon,High
195.45,296.26,27.64,0.374,Evening,Medium
320.0,600.31,24.95,0.211,Afternoon,High
320.0,605.43,38.35,0.358,Afternoon,High
190.3,409.46,20.04,0.337,Morning,Medium
223.65,490.68,15.91,0.155,Morning,Medium
205.74,308.21,30.42,0.564,Morning,Medium
219.23,279.22,25.24,0.315,Evening,Medium
320.0,615.84,22.38,0.192,Afternoon,High
320.0,692.76,31.9,0.466,Afternoon,High
282.08,505.14,29.34,0.294,Morning,High
237.29,419.44,24.9,0.355,Evening,Medium
164.24,303.34,20.96,0.503,Evening,Medium
320.0,1037.08,32.8,0.092,Morning,High
320.0,585.6,31.58,0.094,Morning,High
259.62,386.25,27.45,0.349,Morning,High
320.0,503.37,38.16,0.024,Morning,High
305.59,510.73,22.11,0.14,Afternoon,High
312.12,661.17,19.61,0.214,Afternoon,High
258.19,601.32,24.19,0.084,Morning,High
318.84,464.68,27.75,0.457,Afternoon,High
169.39,260.15,29.34,0.404,Morning,Medium
249.83,524.16,26.67,0.627,Morning,High
320.0,841.16,29.94,0.153,Afternoon,High
320.0,832.0,21.12,0.286,Afternoon,High
320.0,582.28,35.94,0.112,Evening,High
286.0,493.42,27.55,0.236,Morning,High
294.39,562.62,34.15,0.668,Afternoon,High
320.0,770.31,29.88,0.48,Afternoon,High
300.22,457.88,30.51,0.14,Morning,High
320.0,936.63,31.13,0.048,Afternoon,High
320.0,891.04,30.46,0.044,Morning,High
264.61,438.8,31.53,0.47,Morning,High
278.21,338.45,35.31,0.21,Evening,High
177.43,319.46,29.08,0.811,Evening,Medium
228.94,188.53,31.9,0.348,Evening,Medium
318.66,501.95,27.51,0.22,Morning,High
320.0,368.02,35.92,0.121,Morning,High
301.07,613.66,24.28,0.535,Afternoon,High
320.0,683.72,37.91,0.246,Afternoon,High
228.88,613.86,27.78,0.384,Morning,High
295.8,622.69,20.13,0.348,Afternoon,High
319.09,553.1,28.7,0.336,Morning,High
166.4,173.6,24.25,0.495,Evening,Medium
320.0,861.57,32.62,0.126,Morning,High
320.0,631.78,24.41,0.357,Afternoon,High
308.22,635.57,25.55,0.276,Morning,High
282.88,735.45,17.61,0.494,Afternoon,High
302.95,633.61,25.51,0.543,Afternoon,High
286.1,661.34,15.0,0.176,Morning,High
116.28,104.68,19.29,0.471,Evening,Low
284.46,371.59,32.18,0.137,Evening,High
229.54,280.41,32.32,0.31,Evening,Medium
273.9,363.71,30.34,0.345,Evening,High
283.02,507.22,22.68,0.521,Afternoon,High
184.01,198.25,27.74,0.481,Evening,Medium
320.0,921.4,27.98,0.138,Morning,High
249.96,520.47,21.63,0.463,Morning,High
320.0,735.16,36.27,0.362,Morning,High
320.0,599.32,32.83,0.692,Afternoon,High
320.0,825.83,26.78,0.232,Afternoon,High
283.51,698.05,28.15,0.272,Morning,High
152.2,295.82,29.15,0.736,Evening,Medium
199.13,608.17,16.77,0.574,Afternoon,Medium
320.0,867.23,26.64,0.131,Morning,High
316.12,679.25,24.25,0.304,Afternoon,High
235.03,445.94,22.49,0.428,Morning,Medium
223.14,324.33,26.45,0.505,Evening,Medium
320.0,609.8,37.89,0.178,Morning,High
249.49,70.17,31.52,0.639,Evening,Medium
256.86,458.46,24.86,0.099,Evening,High
320.0,686.92,31.15,0.163,Morning,High
259.84,527.93,35.7,0.612,Morning,High
226.22,163.37,33.09,0.34,Evening,Medium
320.0,712.44,28.33,0.357,Afternoon,High
294.65,732.99,24.44,0.431,Afternoon,High
280.28,,31.84,0.197,Evening,High
320.0,708.42,30.16,0.11,Morning,High
320.0,689.48,32.92,0.42,Afternoon,High
232.02,392.84,31.49,0.472,Morning,Medium
239.65,110.3,33.77,0.373,Evening,Medium
320.0,877.27,25.06,0.267,Afternoon,High
320.0,760.9,35.25,0.153,Afternoon,High
211.59,160.75,29.09,0.281,Morning,Medium
299.84,384.1,39.41,0.733,Morning,High
301.58,512.88,24.21,0.298,Afternoon,High
320.0,913.58,37.55,0.285,Afternoon,High
320.0,881.64,29.09,0.324,Afternoon,High
258.52,418.33,24.42,0.285,Evening,High
312.91,624.01,25.34,0.616,Afternoon,High
253.39,565.63,26.24,0.488,Morning,High
320.0,701.88,30.33,0.233,Afternoon,High
277.33,421.44,30.88,0.283,Evening,High
320.0,791.69,24.84,0.32,Afternoon,High
225.47,343.77,27.87,0.357,Evening,Medium
320.0,737.26,39.78,0.21,Afternoon,High
320.0,829.29,37.5,0.238,Afternoon,High
303.03,593.17,30.4,0.631,Afternoon,High
224.9,396.38,28.21,0.647,Morning,Medium
320.0,786.58,28.66,0.25,Morning,High
306.5,584.35,31.37,0.27,Morning,High
230.92,482.54,22.37,0.471,Afternoon,Medium
320.0,684.5,26.58,0.091,Morning,High
230.5,531.13,,0.594,Afternoon,Medium
247.49,325.13,30.2,0.219,Evening,High
320.0,584.42,31.56,0.436,Morning,High
320.0,1040.46,,0.083,Afternoon,High
186.52,180.66,36.66,0.47,Evening,Medium
170.46,419.58,21.26,0.442,Morning,Medium
248.73,509.65,19.95,0.42,Morning,High
320.0,,29.23,0.174,Morning,High
279.94,391.96,33.76,0.245,Morning,High
320.0,499.87,37.26,0.378,Evening,High
230.79,229.14,25.48,0.228,Evening,Medium
320.0,899.8,33.93,0.203,Afternoon,High
208.82,293.46,27.79,0.581,Evening,Medium
285.12,488.44,27.05,0.056,Evening,High
276.25,452.92,32.86,0.61,Morning,High
296.19,405.32,31.59,0.166,Evening,High
281.59,735.31,19.33,0.429,Afternoon,High
271.1,259.34,36.12,0.4,Evening,High
309.72,434.29,35.59,0.172,Evening,High
237.59,595.55,24.56,0.233,Morning,High
222.77,318.97,30.18,0.505,Morning,Medium
239.76,430.2,30.72,0.294,Morning,High
313.41,631.14,29.43,0.811,Afternoon,High
262.27,516.24,24.97,0.218,Evening,High
231.7,211.16,24.31,0.215,Evening,Medium
273.4,476.86,27.86,0.15,Morning,High
320.0,838.51,34.45,0.215,Afternoon,High
320.0,631.52,30.99,0.324,Afternoon,High
150.22,414.75,25.96,0.799,Morning,Medium
176.48,105.01,32.24,0.22,Morning,Medium
320.0,845.8,15.0,0.056,Afternoon,High
290.73,421.26,34.32,0.255,Evening,High
320.0,800.36,18.43,0.336,Afternoon,High
215.14,603.72,26.01,0.606,Afternoon,Medium
320.0,816.7,21.84,0.355,Afternoon,High
289.39,592.13,20.88,0.262,Afternoon,High
298.87,335.55,34.38,0.219,Evening,High
147.46,240.14,25.43,0.466,Evening,Medium
276.55,412.03,29.91,0.332,Morning,High
320.0,732.26,27.74,0.463,Afternoon,High
297.47,607.29,30.62,0.148,Morning,High
205.74,324.23,28.42,0.267,Morning,Medium
168.82,502.97,20.94,0.471,Morning,Medium
320.0,924.68,33.48,0.106,Afternoon,High
320.0,808.2,25.28,0.166,Afternoon,High
127.75,329.87,19.44,0.304,Morning,Medium
216.06,416.08,25.65,0.568,Morning,Medium
177.56,269.19,36.25,0.649,Evening,Medium
320.0,641.47,32.68,0.179,Morning,High
288.8,456.52,26.08,0.433,Morning,High
234.12,525.26,26.08,,Afternoon,Medium
232.66,343.4,26.23,0.487,Evening,Medium
320.0,519.13,39.42,0.354,Morning,High
320.0,607.13,30.1,0.384,Afternoon,High
292.97,526.63,30.37,0.198,Evening,High
320.0,684.25,33.67,0.248,Morning,High
320.0,848.34,29.31,0.294,Afternoon,High
248.91,559.76,26.58,0.284,Afternoon,High
320.0,525.57,26.92,0.269,Afternoon,High
320.0,1016.73,27.61,0.159,Afternoon,High
252.26,390.64,27.8,0.624,Afternoon,Medium
284.2,535.28,32.0,0.326,Morning,High
215.52,247.68,28.29,0.276,Evening,Medium
320.0,837.39,32.03,0.124,Afternoon,High
194.81,203.36,27.56,0.436,Morning,Medium
320.0,851.45,28.43,0.209,Morning,High
283.67,821.79,17.01,0.228,Afternoon,High
320.0,627.72,33.04,0.24,Afternoon,High
238.57,370.76,29.91,0.468,Morning,Medium
320.0,786.4,33.49,0.398,Afternoon,High
186.6,464.84,15.0,0.078,Morning,Medium
320.0,520.77,39.49,0.584,Afternoon,High
253.16,643.72,27.23,0.409,Morning,High
320.0,734.8,34.1,0.363,Afternoon,High
315.55,631.79,22.28,0.188,Afternoon,High
165.49,228.52,31.37,0.539,Evening,Medium
212.7,438.28,22.21,0.329,Morning,Medium
320.0,769.85,24.57,0.234,Afternoon,High
320.0,491.97,38.53,0.123,Morning,High
210.36,310.16,26.95,0.305,Evening,Medium
237.49,414.03,29.2,0.589,Evening,Medium
268.12,460.51,32.79,0.245,Morning,High
320.0,654.15,30.73,0.108,Afternoon,High
266.42,477.39,28.83,0.25,Evening,High
320.0,816.59,30.01,0.236,Afternoon,High
320.0,810.44,41.22,0.345,Afternoon,High
268.73,482.91,27.68,0.186,Morning,High
306.6,606.87,29.11,0.215,Morning,High
308.38,273.86,33.78,0.118,Evening,High
270.46,461.37,34.08,0.418,Evening,High
320.0,748.87,34.53,0.214,Afternoon,High
320.0,813.97,31.51,0.183,Afternoon,High
267.04,568.05,21.71,0.537,Afternoon,High
320.0,457.17,36.98,0.608,Afternoon,High
113.76,154.41,21.7,0.431,Evening,Low
236.73,256.11,29.66,0.611,Evening,Medium
137.41,82.04,23.85,0.529,Evening,Low
320.0,733.05,27.65,0.297,Afternoon,High
320.0,663.08,29.81,0.151,Morning,High
320.0,563.19,29.77,0.244,Morning,High
300.79,552.2,30.32,0.208,Evening,High
320.0,431.35,36.88,0.444,Afternoon,High
320.0,581.09,30.49,0.291,Morning,High
281.41,542.16,26.66,0.077,Morning,High
320.0,635.98,33.3,0.253,Afternoon,High
320.0,582.56,34.54,0.159,Morning,High
199.93,554.52,21.25,0.315,Morning,Medium
295.83,607.38,31.29,0.532,Afternoon,High
320.0,893.79,31.86,0.132,Afternoon,High
320.0,757.57,26.36,0.027,Afternoon,High
252.49,480.64,35.57,0.383,Morning,High
320.0,885.71,27.17,0.216,Afternoon,High
248.37,319.95,28.69,0.416,Morning,Medium
302.0,584.24,27.05,0.218,Afternoon,High
320.0,637.29,28.09,0.26,Afternoon,High
320.0,1055.5,21.97,0.229,Afternoon,High
181.22,240.29,20.08,,Evening,Medium
320.0,1064.93,36.77,0.295,Afternoon,High
304.94,794.37,23.34,0.537,Afternoon,High
253.19,607.03,22.55,0.134,Morning,High
320.0,694.62,16.16,0.315,Afternoon,High
272.48,692.96,24.49,0.263,Morning,High
196.93,462.73,20.72,0.558,Morning,Medium
320.0,473.77,37.03,0.465,Evening,High
320.0,657.39,33.55,0.555,Afternoon,High
148.35,238.55,24.22,0.831,Evening,Low
320.0,545.9,40.39,0.43,Afternoon,High
320.0,514.53,33.4,0.094,Evening,High
253.64,363.32,26.21,0.668,Afternoon,Medium
280.77,837.85,15.0,0.382,Afternoon,High
320.0,436.01,40.6,0.472,Afternoon,High
269.99,565.66,20.36,0.074,Morning,High
223.08,639.33,18.95,0.468,Afternoon,Medium
279.66,379.64,33.62,0.4,Morning,High
270.77,407.81,41.42,0.418,Morning,High
320.0,509.87,35.61,0.307,Afternoon,High
251.02,438.61,31.1,0.493,Morning,High
320.0,420.26,31.27,0.181,Evening,High
286.24,413.6,32.69,0.411,Evening,High
320.0,465.94,32.17,0.112,Evening,High
320.0,715.62,29.55,0.136,Afternoon,High
228.13,378.5,28.57,0.646,Morning,Medium
158.9,30.0,27.66,0.203,Evening,Medium
320.0,745.98,23.85,0.163,Afternoon,High
159.39,282.94,26.46,0.493,Evening,Medium
73.1,30.0,18.69,0.586,Evening,Low
201.4,322.44,27.46,0.255,Evening,Medium
168.13,444.55,22.56,0.792,Morning,Medium
320.0,788.13,21.93,0.226,Afternoon,High
233.81,334.11,28.99,0.546,Evening,Medium
300.48,431.92,35.66,0.376,Morning,High
287.62,702.95,33.05,0.256,Morning,High
241.14,590.21,19.36,0.472,Afternoon,High
243.83,390.51,22.56,0.115,Evening,High
320.0,686.44,33.17,0.338,Afternoon,High
320.0,734.39,22.6,0.283,Afternoon,High
229.71,422.41,26.76,0.457,Morning,Medium
320.0,693.18,31.03,0.363,Afternoon,High
195.19,360.8,22.67,0.423,Evening,Medium
260.79,566.07,28.58,0.488,Morning,High
297.22,703.89,20.66,0.296,Afternoon,High
166.8,301.72,24.69,0.383,Evening,Medium
320.0,679.21,29.76,0.688,Afternoon,High
251.51,575.65,19.24,0.372,Afternoon,High
320.0,677.94,30.42,0.293,Afternoon,High
264.43,453.63,27.89,0.529,Afternoon,High
255.21,465.34,31.04,0.297,Morning,High
196.96,253.62,29.23,0.687,Evening,Medium
246.27,,35.5,0.597,Evening,High
210.08,224.94,28.69,0.252,Evening,Medium
193.73,364.38,25.64,0.269,Evening,Medium
318.06,665.58,28.67,0.524,Afternoon,High
320.0,746.33,30.99,0.565,Afternoon,High
208.43,373.04,28.27,0.552,Evening,Medium
320.0,798.33,28.22,0.326,Afternoon,High
259.96,375.14,24.14,0.353,Afternoon,High
314.38,420.39,24.35,0.305,Evening,High
174.54,260.72,20.29,0.319,Evening,Medium
320.0,837.33,37.62,0.233,Afternoon,High
246.27,618.05,21.16,0.668,Afternoon,High
221.76,485.2,24.19,0.442,Morning,Medium
255.23,495.91,24.05,0.435,Afternoon,High
225.77,271.55,32.92,0.578,Morning,Medium
320.0,748.47,26.38,0.091,Afternoon,High
320.0,655.5,34.86,0.446,Afternoon,High
154.74,488.71,24.3,0.604,Morning,Medium
320.0,902.49,29.53,0.148,Afternoon,High
169.98,531.65,23.41,0.579,Morning,Medium
306.49,392.22,39.8,0.444,Morning,High
188.34,461.54,21.47,0.374,Evening,Medium
320.0,739.63,29.7,0.361,Afternoon,High
320.0,634.64,31.49,0.18,Morning,High
320.0,758.38,30.28,0.068,Afternoon,High
279.13,551.71,26.98,0.541,Evening,High
320.0,692.06,27.29,0.161,Morning,High
320.0,696.45,28.24,0.245,Afternoon,High
190.72,353.46,27.19,0.785,Morning,Medium
320.0,597.24,33.3,0.382,Morning,High
320.0,860.94,40.16,0.423,Afternoon,High
320.0,747.09,24.93,0.264,Afternoon,High
276.44,544.78,20.47,0.587,Afternoon,High
320.0,884.69,27.51,0.109,Afternoon,High
242.29,147.35,42.0,0.497,Evening,Medium
320.0,828.96,23.58,0.134,Afternoon,High
313.04,607.28,37.02,0.726,Afternoon,High
194.17,223.22,37.23,0.448,Evening,Medium
251.91,562.14,24.96,0.173,Morning,High
320.0,652.63,31.13,0.343,Afternoon,High
292.75,391.18,36.96,0.483,Morning,High
225.59,509.03,25.91,0.246,Morning,High
178.39,401.95,26.88,0.275,Evening,Medium
205.62,267.46,24.8,0.591,Evening,Medium
320.0,833.45,22.42,0.34,Afternoon,High
271.93,360.6,24.43,0.582,Afternoon,High
277.98,609.13,21.27,0.408,Morning,High
272.13,496.08,28.19,0.477,Morning,High
195.43,424.68,23.77,0.574,Morning,Medium
283.58,541.89,29.29,0.648,Afternoon,High
320.0,993.45,19.44,0.174,Afternoon,High
320.0,613.88,29.82,0.492,Afternoon,High
195.74,298.88,32.58,0.71,Morning,Medium
66.31,300.51,17.03,0.524,Evening,Low
320.0,595.14,30.06,0.385,Afternoon,High
320.0,603.54,34.75,0.598,Afternoon,High
243.01,456.8,21.35,0.758,Afternoon,Medium
320.0,622.01,37.2,0.462,Afternoon,High
243.58,514.65,30.3,0.495,Morning,High
320.0,669.5,24.12,0.451,Afternoon,High
257.52,353.03,27.69,0.118,Evening,High
297.51,674.56,31.07,0.506,Morning,High
300.09,718.49,28.42,0.14,Morning,High
320.0,563.29,30.96,0.483,Morning,High
294.05,568.77,22.94,0.107,Morning,High
290.7,379.15,28.93,0.165,Evening,High
266.58,624.8,20.22,0.289,Afternoon,High
320.0,860.4,27.39,0.258,Afternoon,High
221.48,572.25,23.03,0.551,Morning,Medium
320.0,822.74,23.95,0.349,Afternoon,High
320.0,798.27,34.8,0.169,Afternoon,High
304.97,609.86,34.0,0.235,Morning,High
320.0,605.87,31.35,0.386,Afternoon,High
320.0,719.45,21.99,0.357,Afternoon,High
320.0,720.6,26.26,0.417,Afternoon,High
320.0,728.06,34.67,0.508,Afternoon,High
180.45,258.81,28.78,0.587,Morning,Medium
320.0,656.65,40.76,0.456,Afternoon,High
320.0,834.63,30.16,0.334,Afternoon,High
320.0,707.92,29.06,0.265,Afternoon,High
197.0,361.95,26.3,0.704,Evening,Medium
320.0,575.69,28.73,0.381,Afternoon,High
205.4,256.12,27.16,0.437,Morning,Medium
201.61,520.75,31.89,0.27,Morning,Medium
320.0,868.35,33.26,0.263,Afternoon,High
237.68,606.31,23.68,0.179,Morning,High
284.66,855.6,20.68,0.357,Afternoon,High
119.2,351.61,17.9,0.242,Evening,Low
291.28,546.7,30.79,0.272,Afternoon,High
246.83,473.64,21.93,0.554,Afternoon,Medium
249.81,574.61,16.16,0.124,Afternoon,High
320.0,669.03,30.14,0.213,Afternoon,High
320.0,662.63,41.71,0.424,Afternoon,High
193.4,351.51,27.97,0.424,Evening,Medium
320.0,860.19,32.61,0.005,Afternoon,High
252.81,323.68,28.45,0.506,Evening,Medium
210.68,310.01,27.46,0.379,Evening,Medium
285.87,365.59,33.05,0.561,Morning,High
305.28,522.31,26.4,0.287,Morning,High
229.83,354.35,29.47,0.494,Morning,Medium
226.13,274.0,29.77,0.792,Morning,Medium
230.53,540.66,24.33,0.359,Morning,High
320.0,705.82,33.46,0.285,Afternoon,High
225.04,615.03,27.04,0.487,Morning,High
268.44,707.34,23.84,0.308,Morning,High
288.27,379.14,30.95,0.233,Evening,High
207.35,538.66,23.06,0.35,Morning,Medium
203.95,294.29,28.15,0.339,Evening,Medium
226.32,506.25,27.95,0.398,Morning,Medium
239.44,428.46,33.97,0.647,Morning,Medium
320.0,855.2,30.61,0.352,Afternoon,High
320.0,716.02,27.86,0.177,Afternoon,High
156.91,170.27,32.5,0.799,Evening,Medium
320.0,971.52,35.65,0.097,Afternoon,High
229.98,257.26,31.07,0.39,Evening,Medium
320.0,643.29,28.06,0.136,Morning,High
214.76,427.79,20.78,0.494,Morning,Medium
153.69,330.52,22.14,0.56,Evening,Medium
292.38,503.68,26.32,0.246,Evening,High
237.52,453.71,24.65,0.509,Evening,Medium
320.0,773.26,26.97,0.167,Afternoon,High
320.0,703.58,28.31,0.18,Afternoon,High
280.59,331.88,30.91,0.08,Evening,High
320.0,511.44,27.61,0.425,Afternoon,High
249.23,302.65,30.68,0.479,Evening,Medium
258.5,307.14,28.35,0.482,Evening,High
285.44,748.01,17.13,0.264,Afternoon,High
207.62,211.98,22.83,0.18,Evening,Medium
159.51,53.46,27.21,0.126,Evening,Medium
241.94,565.45,21.35,0.326,Morning,High
234.35,329.96,31.3,0.768,Evening,Medium
320.0,504.54,36.42,0.535,Afternoon,High
276.43,443.55,34.7,0.582,Evening,High
320.0,657.03,26.83,0.43,Afternoon,High
144.8,64.69,36.2,0.826,Evening,Low
320.0,740.87,28.82,0.122,Afternoon,High
194.75,440.3,26.15,0.421,Morning,Medium
136.93,212.93,24.63,0.632,Evening,Low
263.45,661.91,26.34,0.139,Morning,High
248.52,647.04,25.87,0.33,Morning,High
268.89,382.08,28.94,0.362,Evening,High
298.18,449.76,28.88,0.206,Evening,High
320.0,948.72,28.02,0.111,Afternoon,High
289.1,516.81,30.4,0.733,Afternoon,High
320.0,928.2,34.55,0.149,Afternoon,High
320.0,723.53,33.22,0.228,Morning,High
320.0,821.3,19.83,0.246,Afternoon,High
174.42,425.25,15.0,0.276,Afternoon,Medium
224.3,450.7,33.14,0.334,Evening,High
93.24,173.8,20.48,0.521,Evening,Low
179.02,256.15,26.76,0.525,Evening,Medium
185.78,383.56,21.56,0.665,Morning,Medium
261.42,570.27,18.09,0.367,Afternoon,High
240.6,404.23,30.98,0.697,Morning,Medium
320.0,734.53,32.18,0.278,Afternoon,High
259.84,401.93,24.83,0.395,Afternoon,High
125.21,250.0,15.0,0.319,Evening,Low
271.84,610.9,25.0,0.534,Afternoon,High
285.61,602.64,30.15,0.244,Morning,High
180.14,554.43,19.87,0.648,Morning,Medium
220.94,168.54,29.01,0.328,Evening,Medium
308.49,634.22,27.92,0.401,Afternoon,High
266.41,357.6,31.19,0.215,Morning,High
309.82,502.31,28.66,0.341,Morning,High
320.0,753.36,22.65,0.282,Afternoon,High
320.0,580.78,34.58,0.401,Morning,High
136.59,144.46,27.13,0.714,Evening,Low
249.06,464.2,27.85,0.763,Afternoon,Medium
240.06,445.48,22.87,0.563,Morning,Medium
320.0,746.17,25.56,0.067,Morning,High
137.64,299.57,23.13,0.402,Evening,Medium
320.0,702.03,27.05,0.149,Afternoon,High
320.0,726.17,37.41,0.362,Afternoon,High
206.63,433.44,20.45,,Evening,Medium
179.8,236.85,19.13,0.382,Evening,Medium
201.0,233.27,36.09,0.706,Evening,Medium
216.9,145.42,26.85,0.444,Evening,Medium
320.0,624.97,24.32,0.262,Afternoon,High
320.0,483.99,33.72,0.254,Morning,High
209.2,88.06,24.67,0.598,Evening,Medium
320.0,573.46,38.04,0.442,Afternoon,High
297.89,469.28,31.73,0.606,Afternoon,High
142.05,214.5,25.32,0.456,Evening,Medium
305.82,313.84,39.87,0.338,Morning,High
233.76,442.33,24.67,0.454,Afternoon,Medium
211.5,346.16,32.08,0.73,Morning,Medium
320.0,781.21,29.65,0.341,Afternoon,High
320.0,563.09,35.16,0.239,Morning,High
320.0,562.37,36.59,0.231,Morning,High
245.52,489.48,28.18,0.465,Morning,High
320.0,715.05,23.86,0.269,Afternoon,High
320.0,830.72,30.53,0.302,Afternoon,High
237.07,413.31,24.27,0.576,Afternoon,Medium
320.0,462.59,39.07,0.161,Evening,High
320.0,749.98,28.75,0.344,Afternoon,High
191.21,380.9,25.99,0.587,Morning,Medium
207.32,343.36,29.02,0.402,Evening,Medium
198.21,485.75,20.59,0.366,Morning,Medium
121.98,300.94,22.66,0.472,Evening,Low
284.35,662.14,34.6,0.382,Morning,High
241.06,397.94,24.39,0.302,Evening,High
238.87,638.42,22.24,0.073,Morning,High
249.4,349.36,30.95,0.483,Evening,High
320.0,987.42,34.52,0.121,Afternoon,High
245.55,235.51,31.95,0.489,Evening,Medium
285.76,490.0,33.48,0.071,Morning,High
320.0,744.4,23.84,0.194,Afternoon,High
168.38,292.89,20.18,0.405,Evening,Medium
320.0,729.7,36.26,0.306,Afternoon,High
320.0,751.57,26.23,0.269,Afternoon,High
246.6,459.58,26.62,0.764,Afternoon,Medium
308.08,655.05,35.31,0.519,Afternoon,High
320.0,748.66,31.06,0.078,Afternoon,High
316.34,538.53,30.51,0.606,Afternoon,High
320.0,506.52,39.91,0.421,Evening,High
253.6,608.43,24.46,0.243,Morning,High
289.09,559.72,33.1,0.484,Morning,High
281.29,368.99,28.31,0.338,Evening,High
178.53,266.39,29.48,0.527,Evening,Medium
320.0,604.62,36.41,0.18,Afternoon,High
320.0,711.9,30.79,0.229,Afternoon,High
320.0,608.08,30.96,0.147,Morning,High
320.0,703.9,33.9,0.211,Morning,High
320.0,576.09,25.99,0.243,Afternoon,High
320.0,672.52,23.38,0.407,Afternoon,High
320.0,886.95,22.25,0.198,Afternoon,High
138.77,370.43,17.19,0.335,Morning,Medium
320.0,441.6,39.31,0.561,Evening,High
188.89,224.58,21.93,0.446,Evening,Medium
320.0,763.99,26.78,0.274,Afternoon,High
320.0,741.69,26.48,0.027,Afternoon,High
276.91,524.27,29.69,0.346,Morning,High
286.57,314.73,32.49,0.261,Evening,High
320.0,678.47,32.73,0.155,Afternoon,High
196.39,481.55,24.79,0.362,Morning,Medium
186.52,213.04,27.08,0.544,Evening,Medium
251.71,131.91,29.55,0.21,Evening,Medium
185.13,322.91,26.63,0.492,Evening,Medium
320.0,565.83,36.84,0.296,Afternoon,High
300.8,331.9,30.7,0.4,Afternoon,High
320.0,610.2,32.04,0.552,Afternoon,High
320.0,512.29,31.65,0.025,Evening,High
282.36,443.71,34.45,0.49,Evening,High
190.4,554.01,29.0,0.762,Morning,Medium
189.85,495.94,20.87,0.667,Morning,Medium
320.0,854.06,30.2,0.158,Afternoon,High
126.28,93.85,24.42,0.394,Evening,Low
96.55,177.97,,0.827,Evening,Low
320.0,699.91,31.23,0.287,Morning,High
320.0,529.72,34.81,0.579,Afternoon,High
320.0,802.85,28.12,0.38,Afternoon,High
259.33,402.44,29.7,0.3,Evening,High
245.49,238.4,37.36,0.605,Evening,Medium
220.07,213.47,,0.572,Evening,Medium
320.0,899.31,42.0,0.167,Afternoon,High
287.59,364.22,31.11,0.63,Afternoon,High
267.93,783.23,18.32,0.011,Morning,High
320.0,607.27,32.14,0.28,Morning,High
226.2,291.74,30.1,0.352,Evening,Medium
320.0,481.37,35.09,0.281,Evening,High
232.97,277.41,31.7,0.347,Evening,Medium
240.77,258.32,27.24,0.229,Evening,Medium
262.32,503.18,21.27,0.325,Afternoon,High
239.58,233.28,26.85,0.523,Evening,Medium
196.91,171.92,23.32,0.382,Evening,Medium
112.47,264.44,24.81,0.72,Evening,Low
300.42,,31.24,0.357,Morning,High
320.0,684.24,37.18,0.308,Afternoon,High
160.77,261.69,30.17,,Morning,Medium
188.89,319.98,21.42,0.569,Evening,Medium
320.0,621.3,30.45,0.464,Afternoon,High
320.0,646.95,34.58,0.093,Morning,High
320.0,714.54,24.65,0.67,Afternoon,High
253.77,657.12,27.26,0.514,Afternoon,High
320.0,697.14,28.08,0.167,Afternoon,High
241.71,461.05,23.68,0.438,Morning,High
320.0,722.05,31.57,0.177,Afternoon,High
320.0,737.39,27.33,0.623,Afternoon,High
154.83,326.43,30.31,0.63,Evening,Medium
286.18,763.05,23.12,0.584,Afternoon,High
242.83,282.09,25.59,0.253,Evening,Medium
320.0,559.31,31.97,0.544,Afternoon,High
320.0,781.98,25.95,0.116,Afternoon,High
258.09,161.99,37.5,0.359,Evening,High
320.0,691.45,25.8,0.292,Afternoon,High
320.0,654.81,29.24,0.268,Morning,High
320.0,677.86,33.13,0.144,Morning,High
166.28,251.41,20.2,0.367,Evening,Medium
290.55,771.19,18.32,0.176,Afternoon,High
320.0,709.51,19.61,0.259,Afternoon,High
249.69,311.24,34.94,0.473,Morning,High
213.79,365.55,24.96,0.35,Morning,Medium
320.0,609.14,42.0,0.272,Morning,High
320.0,780.05,24.9,0.186,Afternoon,High
318.63,674.25,29.02,0.432,Afternoon,High
320.0,775.25,36.48,0.45,Afternoon,High
320.0,720.36,39.03,0.226,Afternoon,High
320.0,572.87,39.34,0.276,Evening,High
320.0,467.67,34.65,0.37,Afternoon,High
320.0,909.42,33.63,0.17,Afternoon,High
292.3,413.98,31.26,0.007,Evening,High
315.5,509.05,32.28,0.532,Afternoon,High
320.0,726.5,24.97,0.438,Afternoon,High
57.75,88.19,23.5,0.849,Evening,Low
119.39,135.0,27.98,0.36,Evening,Low
169.23,369.67,27.06,0.737,Morning,Medium
229.82,423.72,25.51,0.285,Evening,Medium
310.7,607.57,31.83,0.67,Afternoon,High
240.76,349.47,33.25,0.665,Morning,Medium
320.0,677.57,28.49,0.225,Afternoon,High
246.94,415.17,36.13,0.56,Evening,High
320.0,735.47,21.72,0.059,Afternoon,High
308.1,523.36,26.93,0.194,Afternoon,High
303.54,437.05,24.06,0.569,Afternoon,High
288.74,647.11,17.73,0.185,Morning,High
261.41,657.59,27.55,0.255,Morning,High
245.82,673.31,27.33,0.344,Morning,High
313.9,549.73,36.32,0.512,Morning,High
320.0,740.56,31.47,0.144,Morning,High
320.0,844.71,22.37,0.26,Morning,High
320.0,710.31,38.2,0.069,Afternoon,High
254.65,400.47,34.72,0.554,Morning,High
320.0,656.66,31.2,0.329,Afternoon,High
255.12,429.23,26.75,0.275,Evening,High
294.54,479.97,22.72,0.553,Afternoon,High
309.7,754.63,25.95,0.311,Afternoon,High
320.0,640.37,33.99,0.472,Morning,High
320.0,930.01,38.37,0.197,Morning,High
320.0,586.97,36.49,,Morning,High
246.51,449.52,25.31,0.318,Morning,High
211.86,483.91,21.84,0.537,Morning,Medium
294.43,532.96,28.77,0.449,Morning,High
320.0,868.89,18.27,0.107,Morning,High
320.0,634.25,29.78,0.476,Morning,High
320.0,846.57,27.19,0.181,Afternoon,High
266.49,586.39,25.44,0.221,Morning,High
300.86,915.01,19.23,0.398,Afternoon,High
320.0,902.84,30.82,0.13,Afternoon,High
313.6,597.36,25.07,0.536,Afternoon,High
277.54,821.58,21.57,0.143,Morning,High
180.62,461.92,15.0,0.505,Evening,Medium
320.0,557.15,27.85,,Afternoon,High
286.21,416.85,37.75,0.301,Morning,High
284.16,417.02,37.14,0.381,Evening,High
166.05,279.28,25.49,0.412,Evening,Medium
128.31,225.98,24.69,0.594,Morning,Low
283.65,560.89,30.58,0.606,Morning,High
210.72,220.72,22.51,0.17,Evening,Medium
320.0,550.28,29.66,0.796,Afternoon,High
240.63,477.72,32.21,0.612,Morning,High
320.0,643.53,34.75,0.447,Morning,High
320.0,875.55,27.45,0.257,Afternoon,High
303.09,520.15,26.88,0.392,Afternoon,High
266.76,646.61,23.17,0.359,Afternoon,High
320.0,854.62,23.45,0.12,Afternoon,High
320.0,549.99,26.75,0.426,Afternoon,High
280.12,575.17,30.02,0.522,Afternoon,High
282.2,365.79,33.02,0.406,Morning,High
171.91,444.57,23.58,0.626,Morning,Medium
320.0,915.17,36.21,0.026,Afternoon,High
123.07,366.91,26.51,0.627,Evening,Low
320.0,636.41,27.88,0.418,Afternoon,High
195.51,434.11,23.89,0.512,Afternoon,Medium
213.65,651.96,15.0,0.287,Morning,Medium
320.0,1010.9,32.86,0.19,Afternoon,High
320.0,746.72,32.05,0.234,Afternoon,High
270.57,640.06,26.45,0.347,Morning,High
320.0,904.5,28.37,0.103,Morning,High
320.0,573.83,30.84,0.262,Afternoon,High
191.24,560.78,19.41,0.479,Morning,Medium
320.0,801.08,25.09,0.497,Afternoon,High
320.0,653.04,32.37,0.081,Morning,High
320.0,937.58,21.1,0.321,Afternoon,High
288.37,418.18,29.61,0.387,Morning,High
142.46,187.5,20.54,0.421,Evening,Low
320.0,717.16,30.57,0.259,Afternoon,High
320.0,641.38,27.8,0.409,Afternoon,High
197.39,470.36,19.12,0.197,Evening,Medium
320.0,949.96,34.41,0.135,Afternoon,High
162.96,274.49,23.96,0.568,Morning,Medium
225.17,423.79,23.54,0.484,Afternoon,Medium
320.0,493.83,29.1,0.537,Afternoon,High
320.0,760.88,34.32,0.294,Afternoon,High
320.0,854.12,22.41,0.239,Afternoon,High
290.61,447.3,28.34,0.146,Morning,High
320.0,731.85,30.36,0.321,Morning,High
320.0,493.77,31.81,0.307,Afternoon,High
318.96,581.03,28.97,0.401,Afternoon,High
320.0,768.62,25.98,0.205,Afternoon,High
309.35,647.25,23.45,0.167,Afternoon,High
246.64,193.29,28.47,0.24,Evening,Medium
288.11,650.79,22.1,0.369,Afternoon,High
166.77,,15.0,0.523,Morning,Medium
320.0,684.77,30.4,0.204,Morning,High
320.0,838.21,32.97,0.146,Morning,High
203.06,467.11,15.0,0.256,Morning,Medium
209.68,626.01,22.45,0.728,Morning,Medium
267.27,501.4,31.41,0.208,Morning,High
320.0,382.32,39.32,0.382,Morning,High
261.69,464.73,28.11,0.219,Morning,High
193.28,331.97,24.0,0.288,Evening,Medium
289.38,695.61,26.99,0.549,Morning,High
320.0,663.63,35.56,0.666,Afternoon,High
250.06,478.96,24.45,0.649,Afternoon,High
197.76,433.48,23.6,0.557,Evening,Medium
238.4,507.87,25.34,0.272,Morning,High
320.0,719.63,22.76,0.238,Afternoon,High
223.94,195.01,28.67,0.201,Evening,Medium
285.46,382.65,36.94,0.443,Evening,High
265.38,406.76,29.78,0.198,Evening,High
251.78,472.6,26.61,0.585,Morning,High
257.27,433.1,26.4,0.134,Morning,High
320.0,893.11,19.4,0.058,Afternoon,High
217.17,297.02,32.86,0.565,Evening,Medium
320.0,791.93,27.57,0.64,Afternoon,High
320.0,883.9,27.01,0.336,Afternoon,High
307.52,395.75,42.0,0.408,Morning,High
221.24,400.05,29.64,0.625,Evening,Medium
157.09,434.75,23.87,0.385,Morning,Medium
304.63,640.01,25.66,0.347,Afternoon,High
320.0,770.27,34.32,0.144,Afternoon,High
320.0,771.66,28.62,0.31,Afternoon,High
223.75,651.38,20.09,0.142,Morning,High
320.0,546.52,33.06,0.712,Morning,High
320.0,985.5,24.33,0.07,Afternoon,High
256.59,399.15,38.3,0.738,Morning,High
320.0,651.54,33.94,0.362,Afternoon,High
187.97,309.66,25.54,0.356,Morning,Medium
303.84,562.09,35.05,0.615,Afternoon,High
320.0,744.14,28.37,0.265,Afternoon,High
320.0,508.98,32.69,0.335,Morning,High
320.0,609.95,30.67,0.506,Afternoon,High
239.92,580.32,23.35,0.566,Morning,High
248.25,586.94,24.46,0.324,Morning,High
306.77,340.26,33.66,0.37,Evening,High
296.03,502.32,26.16,0.653,Afternoon,High
225.17,333.2,25.78,0.314,Evening,Medium
231.61,330.29,22.75,0.297,Morning,Medium
320.0,640.24,30.33,0.423,Afternoon,High
265.42,172.38,39.34,0.284,Evening,High
257.06,555.02,22.13,0.346,Afternoon,High
300.42,572.53,28.13,0.447,Afternoon,High
320.0,675.61,35.77,0.493,Afternoon,High
320.0,696.94,27.56,0.19,Afternoon,High
201.53,336.54,30.49,0.355,Evening,Medium
167.93,176.95,22.16,0.535,Evening,Medium
194.95,235.23,30.36,0.439,Evening,Medium
289.21,481.72,26.97,0.379,Morning,High
317.44,728.19,33.42,0.436,Afternoon,High
320.0,696.39,34.53,0.158,Evening,High
247.95,102.93,42.0,0.283,Morning,Medium
320.0,612.11,31.19,0.208,Morning,High
320.0,625.96,29.79,0.362,Afternoon,High
234.14,554.66,29.07,0.615,Afternoon,High
272.65,400.13,26.06,0.192,Evening,High
320.0,698.89,29.86,0.347,Morning,High
216.2,218.96,26.38,0.224,Evening,Medium
290.55,416.06,28.93,0.173,Morning,High
272.81,260.9,35.25,0.398,Morning,High
279.89,531.97,22.46,0.163,Morning,High
229.14,300.9,34.27,0.403,Evening,Medium
320.0,431.83,35.24,0.439,Afternoon,High
320.0,830.23,27.35,0.22,Afternoon,High
295.27,781.11,16.33,0.348,Afternoon,High
160.19,256.8,24.66,0.737,Evening,Medium
320.0,798.81,35.13,0.062,Afternoon,High
169.14,231.25,27.87,0.29,Evening,Medium
258.88,643.7,22.5,0.712,Afternoon,High
320.0,544.81,25.22,0.427,Afternoon,High
320.0,693.51,32.62,0.526,Afternoon,High
232.02,364.77,31.01,0.61,Morning,Medium
239.21,415.49,26.69,0.556,Afternoon,Medium
299.66,658.28,25.98,0.419,Afternoon,High
198.8,266.11,25.85,0.476,Morning,Medium
200.83,193.4,22.93,0.204,Evening,Medium
320.0,838.83,36.88,0.301,Afternoon,High
320.0,580.44,26.23,0.632,Afternoon,High
239.18,266.48,34.69,0.645,Evening,Medium
320.0,658.39,36.37,0.359,Afternoon,High
313.59,499.07,33.49,0.351,Morning,High
265.59,238.44,25.63,0.202,Evening,High
320.0,621.68,30.22,0.466,Afternoon,High
320.0,828.83,27.87,0.065,Afternoon,High
269.62,602.11,23.03,0.205,Morning,High
205.26,180.11,29.78,0.405,Evening,Medium
320.0,840.18,21.52,0.365,Afternoon,High
320.0,628.18,34.53,0.359,Afternoon,High
229.74,154.71,25.44,0.309,Evening,Medium
276.4,403.75,29.11,0.085,Evening,High
161.69,342.48,29.56,0.627,Morning,Medium
320.0,753.96,26.58,0.241,Morning,High
273.58,501.26,31.23,0.373,Morning,High
257.32,694.95,25.39,0.662,Afternoon,High
276.71,576.65,32.79,0.522,Morning,High
228.1,581.18,20.6,0.686,Afternoon,Medium
278.25,335.29,28.7,0.246,Evening,High
309.93,506.52,38.66,0.266,Evening,High
260.36,522.4,22.5,0.581,Afternoon,High
207.76,64.02,24.27,0.334,Evening,Medium
320.0,800.71,30.83,0.201,Morning,High
187.44,329.03,28.99,0.714,Evening,Medium
310.49,492.41,29.93,0.239,Morning,High
320.0,677.71,30.69,0.351,Afternoon,High
247.14,116.21,31.49,0.335,Evening,Medium
294.99,499.1,34.1,0.425,Morning,High
280.87,336.11,30.25,0.213,Morning,High
320.0,782.9,26.67,0.062,Afternoon,High
313.86,478.2,31.7,0.425,Afternoon,High
320.0,733.72,38.45,0.411,Afternoon,High
320.0,709.63,27.27,0.122,Afternoon,High
309.47,796.0,22.64,0.3,Afternoon,High
317.04,469.33,,0.121,Morning,High
320.0,744.62,27.34,0.49,Afternoon,High
199.3,331.75,16.05,0.131,Morning,Medium
273.21,503.71,32.66,0.435,Evening,High
283.68,538.83,25.06,0.477,Afternoon,High
320.0,572.91,27.5,0.333,Afternoon,High
295.1,493.64,29.83,0.693,Afternoon,High
320.0,550.46,29.05,0.031,Evening,High
287.0,497.25,31.9,0.527,Morning,High
320.0,896.36,25.6,0.409,Afternoon,High
317.61,571.27,30.82,0.558,Afternoon,High
243.22,564.29,26.57,0.682,Afternoon,High
317.96,517.82,32.06,0.346,Morning,High
178.12,245.55,31.38,0.777,Evening,Medium
171.64,367.19,22.86,0.2,Evening,Medium
320.0,910.43,33.97,0.201,Afternoon,High
320.0,628.74,25.05,0.18,Afternoon,High
166.06,198.96,32.44,0.445,Evening,Medium
320.0,558.8,30.02,0.12,Afternoon,High
308.59,394.17,38.11,0.424,Morning,High
285.53,479.93,26.77,0.798,Afternoon,High
295.58,461.22,26.08,0.534,Afternoon,High
320.0,519.13,27.89,0.389,Afternoon,High
320.0,612.11,26.33,0.225,Afternoon,High
143.73,30.0,32.4,0.729,Evening,Low
97.52,79.07,19.11,0.672,Evening,Low
310.12,794.0,22.2,0.346,Afternoon,High
290.01,769.11,22.13,0.058,Morning,High
241.14,400.44,33.23,0.41,Evening,High
320.0,302.25,37.41,0.254,Evening,High
237.91,506.43,27.43,0.366,Morning,High
247.16,378.7,27.07,0.467,Evening,Medium
240.28,274.16,28.39,0.199,Evening,Medium
320.0,585.63,34.39,0.171,Afternoon,High
198.92,459.57,22.9,0.666,Afternoon,Medium
320.0,577.31,29.31,0.242,Afternoon,High
320.0,682.98,33.36,0.171,Morning,High
320.0,669.96,30.76,0.256,Afternoon,High
167.0,385.59,29.04,0.446,Evening,Medium
320.0,661.22,33.51,0.115,Morning,High
320.0,1004.78,15.0,0.063,Afternoon,High
303.22,629.83,31.73,0.638,Afternoon,High
320.0,833.53,24.4,0.209,Afternoon,High
107.97,105.63,17.93,0.437,Evening,Low
320.0,802.08,30.81,0.378,Afternoon,High
320.0,687.17,35.56,0.164,Afternoon,High
320.0,579.21,27.24,0.534,Afternoon,High
320.0,622.52,33.24,0.663,Afternoon,High
315.59,534.53,36.87,0.158,Morning,High
320.0,621.11,35.23,0.303,Afternoon,High
320.0,409.4,37.02,0.294,Morning,High
320.0,726.21,32.08,0.35,Morning,High
320.0,630.62,28.41,0.348,Afternoon,High
279.81,623.5,19.19,0.331,Afternoon,High
166.34,219.5,,0.296,Evening,Medium
241.96,568.91,23.36,0.555,Afternoon,High
320.0,671.27,39.94,0.342,Afternoon,High
272.67,623.47,27.03,0.756,Afternoon,High
198.38,358.5,28.68,0.2,Morning,Medium
320.0,625.62,31.03,0.461,Afternoon,High
285.44,798.94,28.24,0.32,Morning,High
320.0,386.23,37.32,0.271,Evening,High
175.06,443.06,24.58,0.345,Morning,Medium
307.59,653.8,29.07,0.395,Afternoon,High
269.03,640.29,23.92,0.342,Morning,High
204.82,355.33,20.74,0.431,Evening,Medium
278.92,694.71,24.64,0.778,Afternoon,High
320.0,695.13,27.8,0.256,Afternoon,High
316.48,724.41,25.64,0.239,Morning,High
320.0,797.09,24.19,0.096,Afternoon,High
277.37,544.88,20.27,0.14,Morning,High
242.87,265.05,27.54,0.28,Evening,Medium
138.35,376.17,19.72,0.586,Morning,Medium
289.4,457.08,32.18,0.507,Morning,High
268.3,456.06,28.45,0.337,Morning,High
320.0,740.93,19.98,0.452,Afternoon,High
317.17,619.73,26.3,0.599,Afternoon,High
320.0,813.39,23.86,0.132,Morning,High
198.74,120.8,29.76,0.637,Evening,Medium
320.0,717.2,35.37,0.492,Afternoon,High
212.89,579.77,17.69,0.538,Afternoon,Medium
320.0,861.05,28.63,0.138,Afternoon,High
320.0,691.41,27.12,0.253,Afternoon,High
320.0,492.72,31.69,0.543,Afternoon,High
271.42,478.42,29.17,0.346,Morning,High
253.0,518.96,23.86,0.344,Morning,High
157.76,346.86,26.25,0.596,Evening,Medium
274.58,582.19,23.62,0.288,Evening,High
320.0,613.49,33.92,0.423,Afternoon,High
262.83,504.93,28.12,0.626,Morning,High
320.0,534.13,38.46,0.665,Afternoon,High
320.0,912.03,27.67,0.194,Afternoon,High
253.11,487.52,24.1,0.274,Morning,High
200.03,566.35,19.67,0.487,Morning,Medium
226.14,688.99,18.08,0.697,Afternoon,Medium
310.41,691.79,19.29,0.186,Afternoon,High
279.27,333.63,29.47,0.486,Morning,High
320.0,802.84,30.8,0.315,Morning,High
135.37,491.96,19.3,0.611,Morning,Medium
320.0,864.6,32.92,0.206,Afternoon,High
183.68,534.29,25.34,0.617,Morning,Medium
241.01,493.94,28.81,0.511,Morning,High
320.0,562.12,36.87,0.278,Evening,High
309.01,537.7,32.93,0.097,Morning,High
296.87,349.92,26.52,0.44,Afternoon,High
222.88,422.05,23.1,0.319,Morning,Medium
208.72,413.53,16.17,0.078,Morning,Medium
246.83,627.21,24.04,0.628,Morning,High
320.0,758.26,26.84,0.294,Afternoon,High
158.6,374.29,22.57,0.611,Evening,Medium
132.04,264.64,27.28,0.45,Evening,Medium
275.78,544.88,28.42,0.622,Afternoon,High
320.0,728.62,26.76,0.036,Afternoon,High
225.91,407.73,24.42,0.378,Morning,Medium
205.87,377.33,28.93,0.746,Morning,Medium
271.52,404.06,30.43,0.198,Evening,High
241.37,371.96,22.0,0.379,Morning,Medium
320.0,531.35,35.76,0.145,Morning,High
148.19,459.4,27.46,0.72,Morning,Medium
308.88,641.15,28.1,0.28,Morning,High
320.0,696.94,31.9,0.382,Morning,High
320.0,823.6,29.28,0.355,Afternoon,High
320.0,570.12,33.24,0.487,Afternoon,High
287.02,445.54,29.58,0.216,Evening,High
245.37,304.47,24.63,0.396,Evening,Medium
320.0,698.85,29.99,0.337,Afternoon,High
320.0,930.76,21.71,0.088,Morning,High
320.0,790.4,28.6,0.063,Afternoon,High
320.0,556.22,27.82,0.412,Afternoon,High
313.3,636.43,26.86,0.067,Morning,High
285.06,438.96,27.29,0.31,Afternoon,High
288.08,670.06,17.65,0.173,Afternoon,High
320.0,767.48,24.98,0.393,Afternoon,High
320.0,861.49,28.51,0.496,Afternoon,High
298.08,426.75,28.88,0.492,Morning,High
163.6,464.47,22.35,0.452,Evening,Medium
302.74,248.23,34.96,0.398,Evening,High
186.46,412.42,23.24,0.532,Morning,Medium
288.2,470.34,33.33,0.401,Evening,High
320.0,581.86,30.35,0.254,Afternoon,High
296.14,493.39,24.45,0.064,Evening,High
272.62,202.5,37.76,0.597,Evening,High
263.66,520.18,,0.733,Afternoon,High
320.0,673.71,33.06,0.264,Morning,High
309.37,301.32,33.5,0.263,Morning,High
320.0,762.32,24.31,0.068,Afternoon,High
320.0,646.22,35.66,0.271,Afternoon,High
233.62,412.74,26.62,0.334,Morning,Medium
320.0,671.79,29.59,0.174,Morning,High
287.97,454.46,29.43,0.171,Evening,High
262.87,394.53,27.26,0.347,Evening,High
320.0,624.99,32.46,0.311,Afternoon,High
304.5,529.04,32.36,0.185,Morning,High
111.1,318.8,18.38,0.593,Morning,Low
320.0,494.15,35.17,0.024,Morning,High
157.68,401.79,18.86,,Evening,Medium
320.0,693.31,33.68,0.188,Morning,High
320.0,717.53,34.2,0.316,Afternoon,High
242.73,674.83,22.0,0.408,Morning,High
320.0,610.52,25.74,0.346,Afternoon,High
320.0,987.88,21.92,0.287,Afternoon,High
197.7,53.77,26.82,0.261,Evening,Medium
238.08,388.86,26.31,0.321,Morning,Medium
305.84,691.37,32.29,0.513,Morning,High
271.68,406.99,35.21,0.454,Morning,High
278.47,358.45,35.68,0.152,Evening,High
248.07,360.36,24.91,0.633,Evening,Medium
320.0,734.73,26.85,0.122,Afternoon,High
258.4,591.82,18.74,0.564,Afternoon,High
266.25,656.03,23.57,0.448,Afternoon,High
320.0,673.86,33.31,0.122,Morning,High
264.13,437.18,36.89,0.547,Evening,High
297.78,694.58,21.21,0.453,Afternoon,High
306.43,735.5,24.74,0.414,Afternoon,High
320.0,976.69,27.85,0.21,Afternoon,High
264.24,562.05,29.54,0.356,Morning,High
317.11,826.57,23.55,0.199,Morning,High
320.0,760.23,30.33,0.363,Afternoon,High
311.62,708.41,25.39,0.139,Morning,High
308.27,462.95,27.92,0.669,Afternoon,High
277.54,355.38,31.0,0.351,Morning,High
320.0,1048.79,28.04,0.28,Afternoon,High
247.2,497.44,25.6,0.44,Morning,High
273.39,606.32,27.4,0.671,Afternoon,High
320.0,596.41,27.51,0.216,Afternoon,High
280.74,637.43,25.96,0.475,Morning,High
320.0,771.14,26.58,0.373,Afternoon,High
320.0,778.67,36.79,0.32,Afternoon,High
320.0,703.23,31.09,0.04,Afternoon,High
186.45,220.77,26.37,0.428,Evening,Medium
320.0,493.96,31.83,0.499,Afternoon,High
216.78,539.32,26.16,0.584,Morning,Medium
245.03,173.05,34.45,0.496,Morning,Medium
320.0,642.73,30.03,0.29,Morning,High
320.0,888.65,27.41,0.184,Afternoon,High
320.0,566.27,30.46,0.047,Morning,High
284.17,586.4,19.36,0.503,Afternoon,High
320.0,606.67,21.8,0.394,Afternoon,High
320.0,760.9,21.43,0.336,Afternoon,High
263.27,495.45,28.79,0.191,Evening,High
320.0,844.36,37.53,0.086,Morning,High
294.17,313.64,40.27,0.708,Morning,High
320.0,624.45,31.51,0.628,Afternoon,High
293.21,453.02,30.75,0.691,Afternoon,High
184.32,648.03,18.09,0.672,Afternoon,Medium
271.48,658.13,25.02,0.348,Afternoon,High
208.96,528.09,23.67,0.216,Morning,Medium
257.12,480.68,24.59,0.275,Evening,High
285.31,488.0,27.08,0.207,Evening,High
320.0,740.3,25.4,0.228,Afternoon,High
226.01,487.77,17.11,0.429,Morning,Medium
320.0,,32.11,0.165,Afternoon,High
311.49,907.79,22.1,0.375,Afternoon,High
320.0,745.94,29.32,0.123,Morning,High
260.71,233.18,39.41,0.349,Evening,High
258.13,571.38,22.94,0.346,Morning,High
109.0,362.06,15.0,0.65,Evening,Low
320.0,988.25,26.43,0.142,Afternoon,High
320.0,441.68,34.06,0.231,Morning,High
320.0,624.9,38.77,0.249,Afternoon,High
167.27,404.3,21.24,0.51,Evening,Medium
320.0,756.81,30.73,0.401,Afternoon,High
256.24,383.18,25.44,,Evening,High
320.0,820.43,27.42,0.376,Afternoon,High
320.0,751.09,42.0,0.162,Afternoon,High
153.07,308.63,19.73,0.219,Evening,Medium
231.97,470.83,29.4,0.469,Morning,Medium
320.0,777.89,30.57,0.407,Afternoon,High
320.0,593.27,33.97,0.264,Morning,High
320.0,572.31,28.54,0.074,Evening,High
307.21,632.71,29.69,0.17,Evening,High
273.39,550.71,25.85,0.444,Morning,High
320.0,675.39,29.48,0.19,Afternoon,High
133.09,192.01,26.11,0.651,Evening,Low
157.73,328.04,31.42,0.816,Morning,Medium
320.0,867.91,25.97,0.303,Afternoon,High
220.89,430.3,30.07,0.509,Evening,Medium
288.66,647.02,27.84,0.416,Morning,High
315.27,529.93,34.19,0.503,Afternoon,High
229.52,349.45,27.72,0.725,Morning,Medium
138.55,349.25,18.25,0.347,Evening,Medium
320.0,553.21,34.94,0.024,Evening,High
231.1,381.64,23.02,0.443,Evening,Medium
280.63,598.54,24.4,0.604,Afternoon,High
210.74,263.76,24.72,0.088,Evening,Medium
214.52,188.43,35.56,0.695,Evening,Medium
106.11,426.95,,0.747,Morning,Low
290.05,,42.0,0.512,Evening,High
314.48,334.58,33.81,0.112,Morning,High
320.0,763.12,29.23,0.359,Afternoon,High
320.0,571.05,27.7,0.194,Morning,High
298.46,572.51,29.57,0.494,Morning,High
312.87,501.8,30.87,0.159,Morning,High
320.0,626.09,31.55,0.604,Afternoon,High
320.0,513.91,31.06,0.313,Afternoon,High
320.0,752.49,28.49,0.293,Afternoon,High
320.0,635.61,26.91,0.245,Morning,High
295.28,653.17,27.17,0.262,Morning,High
312.15,576.43,26.93,0.314,Afternoon,High
320.0,512.14,34.24,0.058,Evening,High
320.0,461.09,31.26,0.473,Morning,High
261.49,666.19,15.0,0.248,Afternoon,High
219.55,312.02,31.61,0.502,Evening,Medium
320.0,616.99,29.07,0.528,Afternoon,High
183.5,213.32,27.9,0.527,Morning,Medium
263.71,490.49,25.86,0.43,Morning,High
320.0,401.73,34.18,0.415,Evening,High
201.45,414.72,33.21,0.599,Morning,Medium
241.5,571.89,23.75,0.431,Evening,High
320.0,829.72,30.24,0.424,Afternoon,High
112.37,158.19,22.66,0.47,Evening,Low
108.64,465.05,20.41,0.72,Evening,Low
70.59,131.98,24.55,0.746,Evening,Low
320.0,788.27,32.74,0.098,Afternoon,High
221.4,312.43,33.24,0.566,Evening,Medium
320.0,825.91,30.82,0.154,Afternoon,High
320.0,622.77,31.99,0.357,Afternoon,High
320.0,809.9,30.84,0.161,Afternoon,High
256.43,356.65,24.47,0.256,Evening,High
320.0,713.44,30.38,0.093,Evening,High
244.16,,32.4,0.531,Evening,Medium
320.0,590.8,32.15,0.472,Afternoon,High
314.53,610.74,34.54,0.768,Afternoon,High
297.95,492.74,31.9,0.508,Afternoon,High
320.0,828.05,29.93,0.095,Morning,High
283.54,424.17,33.89,0.578,Morning,High
320.0,617.07,27.85,0.207,Afternoon,High
191.66,321.61,23.15,0.387,Morning,Medium
233.44,574.86,27.1,0.145,Morning,High
107.47,256.16,23.9,0.686,Morning,Low
274.04,682.31,24.29,0.218,Morning,High
285.05,645.6,27.21,0.224,Morning,High
155.25,128.54,23.64,0.63,Evening,Low
260.38,520.54,26.31,0.258,Afternoon,High
191.41,613.55,17.59,0.623,Afternoon,Medium
320.0,636.22,29.17,0.332,Afternoon,High
320.0,747.74,28.01,0.273,Morning,High
280.11,617.01,23.51,0.09,Evening,High
285.24,313.51,31.63,0.544,Evening,High
265.12,448.15,33.16,0.72,Morning,High
320.0,744.73,19.16,0.371,Afternoon,High
143.9,264.56,23.81,0.691,Evening,Low
225.86,444.31,23.77,0.2,Evening,Medium
246.44,479.86,22.83,0.426,Afternoon,High
320.0,458.26,32.56,0.244,Afternoon,High
208.4,319.77,26.93,0.627,Morning,Medium
265.42,530.79,26.55,0.27,Evening,High
222.31,620.02,16.98,0.401,Morning,Medium
235.9,231.48,31.49,0.543,Evening,Medium
198.08,435.06,21.18,0.653,Afternoon,Medium
316.74,738.35,28.33,0.69,Afternoon,High
320.0,811.74,29.53,0.077,Afternoon,High
289.93,693.97,35.48,0.531,Morning,High
287.83,776.47,20.8,0.362,Morning,High
122.62,424.77,15.0,0.385,Morning,Medium
263.5,376.82,29.01,0.425,Morning,High
320.0,357.11,37.9,0.154,Evening,High
320.0,653.54,34.81,0.473,Afternoon,High
249.57,494.32,29.15,0.221,Morning,High
240.99,380.06,25.3,0.127,Evening,High
229.64,319.59,32.44,0.525,Evening,Medium
161.06,208.65,22.65,0.538,Evening,Medium
227.22,334.88,30.62,0.586,Evening,Medium
320.0,801.38,30.78,0.302,Morning,High
320.0,512.91,33.83,0.671,Afternoon,High
273.78,252.59,42.0,0.386,Evening,High
320.0,603.92,30.16,0.607,Afternoon,High
303.52,678.04,25.2,0.586,Morning,High
219.63,401.99,27.86,0.263,Evening,Medium
194.1,640.05,18.27,0.264,Morning,Medium
240.76,582.46,24.18,0.395,Morning,High
238.98,596.4,25.75,0.724,Afternoon,High
315.85,755.43,25.12,0.308,Afternoon,High
320.0,829.66,28.84,0.398,Afternoon,High
162.26,241.33,23.48,0.433,Morning,Medium
258.27,280.27,34.17,0.27,Evening,High
238.72,488.97,28.0,0.655,Morning,Medium
276.48,577.99,27.95,0.266,Morning,High
181.9,385.44,26.2,0.454,Evening,Medium
228.65,373.95,28.85,0.479,Evening,Medium
197.74,275.6,32.54,0.531,Evening,Medium
183.95,254.07,23.23,0.425,Evening,Medium
320.0,862.46,24.38,0.215,Afternoon,High
198.7,479.94,26.33,0.657,Afternoon,Medium
213.19,529.45,20.6,0.021,Morning,Medium
320.0,754.63,23.49,0.33,Afternoon,High
320.0,883.56,25.38,0.384,Afternoon,High
274.7,424.25,32.81,0.453,Morning,High
320.0,594.55,29.44,0.259,Afternoon,High
313.26,651.3,29.06,0.476,Afternoon,High
312.72,425.1,32.68,0.432,Morning,High
274.47,497.85,27.24,0.509,Morning,High
320.0,824.61,30.15,0.528,Afternoon,High
262.93,526.07,27.43,0.465,Morning,High
215.9,285.48,29.46,0.557,Evening,Medium
242.06,435.19,24.79,0.432,Afternoon,Medium
320.0,889.12,15.0,0.213,Afternoon,High
320.0,850.49,27.26,0.187,Afternoon,High
210.56,176.23,35.83,0.43,Evening,Medium
320.0,773.18,33.09,0.197,Afternoon,High
320.0,779.37,33.31,0.06,Afternoon,High
320.0,649.4,34.8,0.66,Afternoon,High
190.72,381.31,28.49,0.731,Morning,Medium
254.77,396.33,29.09,0.208,Evening,High
173.16,383.01,24.6,0.279,Evening,Medium
320.0,913.98,26.26,0.228,Afternoon,High
275.55,518.09,31.39,0.429,Evening,High
293.77,230.12,34.62,0.211,Evening,High
320.0,942.84,27.23,0.263,Afternoon,High
213.12,331.28,25.52,0.506,Evening,Medium
320.0,796.6,28.0,0.148,Afternoon,High
320.0,689.32,31.31,0.364,Afternoon,High
320.0,634.01,20.06,0.13,Afternoon,High
197.33,524.66,15.37,0.177,Evening,Medium
294.03,542.03,24.97,0.115,Morning,High
180.23,381.5,21.29,0.35,Evening,Medium
194.87,287.81,25.21,0.358,Evening,Medium
320.0,651.28,27.19,0.044,Morning,High
247.81,402.06,25.51,0.323,Evening,High
320.0,537.99,35.99,0.113,Morning,High
301.78,543.52,29.8,0.724,Afternoon,High
317.59,735.24,29.65,0.529,Afternoon,High
255.65,424.22,31.42,0.447,Morning,High
151.75,399.74,21.74,0.536,Evening,Medium
240.71,118.87,33.72,0.297,Evening,Medium
320.0,686.65,27.58,0.508,Afternoon,High
288.21,370.53,31.69,0.2,Morning,High
220.49,374.43,22.1,0.333,Morning,Medium
301.14,690.96,19.45,0.167,Afternoon,High
178.16,255.3,32.5,0.814,Evening,Medium
320.0,825.5,30.07,0.065,Afternoon,High
230.08,499.65,23.04,0.148,Morning,High
320.0,648.54,23.22,0.196,Afternoon,High
320.0,594.83,34.19,0.663,Afternoon,High
260.65,638.18,21.46,0.316,Evening,High
320.0,543.81,37.03,0.209,Morning,High
129.57,306.27,23.05,0.472,Evening,Low
272.16,557.19,31.51,0.696,Afternoon,High
201.99,400.27,26.19,0.319,Evening,Medium
320.0,807.3,31.32,0.124,Afternoon,High
320.0,792.39,25.01,0.144,Afternoon,High
122.16,264.89,27.1,0.542,Evening,Low
320.0,584.54,28.23,0.504,Morning,High
145.91,321.1,22.49,0.23,Evening,Medium
320.0,811.1,32.07,0.291,Afternoon,High
229.33,389.79,25.18,0.421,Morning,Medium
182.91,328.07,26.74,0.49,Morning,Medium
294.34,568.61,22.53,0.447,Afternoon,High
108.29,415.32,15.0,0.52,Morning,Low
320.0,583.41,26.95,0.204,Afternoon,High
320.0,536.49,41.27,0.607,Afternoon,High
320.0,645.87,32.32,0.657,Afternoon,High
260.2,504.54,27.89,0.401,Morning,High
195.82,434.59,26.55,0.357,Evening,Medium
306.76,465.11,28.12,0.087,Evening,High
320.0,576.93,31.01,0.26,Evening,High
220.74,519.59,21.51,0.549,Afternoon,Medium
262.34,333.7,34.13,0.383,Morning,High
282.08,505.14,29.34,0.294,Morning,High
320.0,582.28,35.94,0.112,Evening,High
116.28,104.68,19.29,0.471,Evening,Low
